Time(ms),Application Name,Application ID,Source,Destination,Packet ID,Generation Rate(Mbps),
0.000000,App1_VOICE,1,WIRED_NODE_2,WIRED_NODE_5,1,0.000000,
20.000000,App1_VOICE,1,WIRED_NODE_2,WIRED_NODE_5,2,0.064000,
40.000000,App1_VOICE,1,WIRED_NODE_2,WIRED_NODE_5,3,0.064000,
60.000000,App1_VOICE,1,WIRED_NODE_2,WIRED_NODE_5,4,0.064000,
80.000000,App1_VOICE,1,WIRED_NODE_2,WIRED_NODE_5,5,0.064000,
100.000000,App1_VOICE,1,WIRED_NODE_2,WIRED_NODE_5,6,0.064000,
120.000000,App1_VOICE,1,WIRED_NODE_2,WIRED_NODE_5,7,0.064000,
140.000000,App1_VOICE,1,WIRED_NODE_2,WIRED_NODE_5,8,0.064000,
160.000000,App1_VOICE,1,WIRED_NODE_2,WIRED_NODE_5,9,0.064000,
180.000000,App1_VOICE,1,WIRED_NODE_2,WIRED_NODE_5,10,0.064000,
200.000000,App1_VOICE,1,WIRED_NODE_2,WIRED_NODE_5,11,0.064000,
220.000000,App1_VOICE,1,WIRED_NODE_2,WIRED_NODE_5,12,0.064000,
240.000000,App1_VOICE,1,WIRED_NODE_2,WIRED_NODE_5,13,0.064000,
260.000000,App1_VOICE,1,WIRED_NODE_2,WIRED_NODE_5,14,0.064000,
280.000000,App1_VOICE,1,WIRED_NODE_2,WIRED_NODE_5,15,0.064000,
300.000000,App1_VOICE,1,WIRED_NODE_2,WIRED_NODE_5,16,0.064000,
320.000000,App1_VOICE,1,WIRED_NODE_2,WIRED_NODE_5,17,0.064000,
340.000000,App1_VOICE,1,WIRED_NODE_2,WIRED_NODE_5,18,0.064000,
360.000000,App1_VOICE,1,WIRED_NODE_2,WIRED_NODE_5,19,0.064000,
380.000000,App1_VOICE,1,WIRED_NODE_2,WIRED_NODE_5,20,0.064000,
400.000000,App1_VOICE,1,WIRED_NODE_2,WIRED_NODE_5,21,0.064000,
420.000000,App1_VOICE,1,WIRED_NODE_2,WIRED_NODE_5,22,0.064000,
440.000000,App1_VOICE,1,WIRED_NODE_2,WIRED_NODE_5,23,0.064000,
460.000000,App1_VOICE,1,WIRED_NODE_2,WIRED_NODE_5,24,0.064000,
480.000000,App1_VOICE,1,WIRED_NODE_2,WIRED_NODE_5,25,0.064000,
500.000000,App1_VOICE,1,WIRED_NODE_2,WIRED_NODE_5,26,0.064000,
520.000000,App1_VOICE,1,WIRED_NODE_2,WIRED_NODE_5,27,0.064000,
540.000000,App1_VOICE,1,WIRED_NODE_2,WIRED_NODE_5,28,0.064000,
560.000000,App1_VOICE,1,WIRED_NODE_2,WIRED_NODE_5,29,0.064000,
580.000000,App1_VOICE,1,WIRED_NODE_2,WIRED_NODE_5,30,0.064000,
600.000000,App1_VOICE,1,WIRED_NODE_2,WIRED_NODE_5,31,0.064000,
620.000000,App1_VOICE,1,WIRED_NODE_2,WIRED_NODE_5,32,0.064000,
640.000000,App1_VOICE,1,WIRED_NODE_2,WIRED_NODE_5,33,0.064000,
660.000000,App1_VOICE,1,WIRED_NODE_2,WIRED_NODE_5,34,0.064000,
680.000000,App1_VOICE,1,WIRED_NODE_2,WIRED_NODE_5,35,0.064000,
700.000000,App1_VOICE,1,WIRED_NODE_2,WIRED_NODE_5,36,0.064000,
720.000000,App1_VOICE,1,WIRED_NODE_2,WIRED_NODE_5,37,0.064000,
740.000000,App1_VOICE,1,WIRED_NODE_2,WIRED_NODE_5,38,0.064000,
760.000000,App1_VOICE,1,WIRED_NODE_2,WIRED_NODE_5,39,0.064000,
780.000000,App1_VOICE,1,WIRED_NODE_2,WIRED_NODE_5,40,0.064000,
800.000000,App1_VOICE,1,WIRED_NODE_2,WIRED_NODE_5,41,0.064000,
820.000000,App1_VOICE,1,WIRED_NODE_2,WIRED_NODE_5,42,0.064000,
840.000000,App1_VOICE,1,WIRED_NODE_2,WIRED_NODE_5,43,0.064000,
860.000000,App1_VOICE,1,WIRED_NODE_2,WIRED_NODE_5,44,0.064000,
880.000000,App1_VOICE,1,WIRED_NODE_2,WIRED_NODE_5,45,0.064000,
900.000000,App1_VOICE,1,WIRED_NODE_2,WIRED_NODE_5,46,0.064000,
920.000000,App1_VOICE,1,WIRED_NODE_2,WIRED_NODE_5,47,0.064000,
940.000000,App1_VOICE,1,WIRED_NODE_2,WIRED_NODE_5,48,0.064000,
960.000000,App1_VOICE,1,WIRED_NODE_2,WIRED_NODE_5,49,0.064000,
980.000000,App1_VOICE,1,WIRED_NODE_2,WIRED_NODE_5,50,0.064000,
1000.000000,App1_VOICE,1,WIRED_NODE_2,WIRED_NODE_5,51,0.064000,
1020.000000,App1_VOICE,1,WIRED_NODE_2,WIRED_NODE_5,52,0.064000,
1040.000000,App1_VOICE,1,WIRED_NODE_2,WIRED_NODE_5,53,0.064000,
1060.000000,App1_VOICE,1,WIRED_NODE_2,WIRED_NODE_5,54,0.064000,
1080.000000,App1_VOICE,1,WIRED_NODE_2,WIRED_NODE_5,55,0.064000,
1100.000000,App1_VOICE,1,WIRED_NODE_2,WIRED_NODE_5,56,0.064000,
1120.000000,App1_VOICE,1,WIRED_NODE_2,WIRED_NODE_5,57,0.064000,
1140.000000,App1_VOICE,1,WIRED_NODE_2,WIRED_NODE_5,58,0.064000,
1160.000000,App1_VOICE,1,WIRED_NODE_2,WIRED_NODE_5,59,0.064000,
1180.000000,App1_VOICE,1,WIRED_NODE_2,WIRED_NODE_5,60,0.064000,
1200.000000,App1_VOICE,1,WIRED_NODE_2,WIRED_NODE_5,61,0.064000,
1220.000000,App1_VOICE,1,WIRED_NODE_2,WIRED_NODE_5,62,0.064000,
1240.000000,App1_VOICE,1,WIRED_NODE_2,WIRED_NODE_5,63,0.064000,
1260.000000,App1_VOICE,1,WIRED_NODE_2,WIRED_NODE_5,64,0.064000,
1280.000000,App1_VOICE,1,WIRED_NODE_2,WIRED_NODE_5,65,0.064000,
1300.000000,App1_VOICE,1,WIRED_NODE_2,WIRED_NODE_5,66,0.064000,
1320.000000,App1_VOICE,1,WIRED_NODE_2,WIRED_NODE_5,67,0.064000,
1340.000000,App1_VOICE,1,WIRED_NODE_2,WIRED_NODE_5,68,0.064000,
1360.000000,App1_VOICE,1,WIRED_NODE_2,WIRED_NODE_5,69,0.064000,
1380.000000,App1_VOICE,1,WIRED_NODE_2,WIRED_NODE_5,70,0.064000,
1400.000000,App1_VOICE,1,WIRED_NODE_2,WIRED_NODE_5,71,0.064000,
1420.000000,App1_VOICE,1,WIRED_NODE_2,WIRED_NODE_5,72,0.064000,
1440.000000,App1_VOICE,1,WIRED_NODE_2,WIRED_NODE_5,73,0.064000,
1460.000000,App1_VOICE,1,WIRED_NODE_2,WIRED_NODE_5,74,0.064000,
1480.000000,App1_VOICE,1,WIRED_NODE_2,WIRED_NODE_5,75,0.064000,
1500.000000,App1_VOICE,1,WIRED_NODE_2,WIRED_NODE_5,76,0.064000,
1520.000000,App1_VOICE,1,WIRED_NODE_2,WIRED_NODE_5,77,0.064000,
1540.000000,App1_VOICE,1,WIRED_NODE_2,WIRED_NODE_5,78,0.064000,
1560.000000,App1_VOICE,1,WIRED_NODE_2,WIRED_NODE_5,79,0.064000,
1580.000000,App1_VOICE,1,WIRED_NODE_2,WIRED_NODE_5,80,0.064000,
1600.000000,App1_VOICE,1,WIRED_NODE_2,WIRED_NODE_5,81,0.064000,
1620.000000,App1_VOICE,1,WIRED_NODE_2,WIRED_NODE_5,82,0.064000,
1640.000000,App1_VOICE,1,WIRED_NODE_2,WIRED_NODE_5,83,0.064000,
1660.000000,App1_VOICE,1,WIRED_NODE_2,WIRED_NODE_5,84,0.064000,
1680.000000,App1_VOICE,1,WIRED_NODE_2,WIRED_NODE_5,85,0.064000,
1700.000000,App1_VOICE,1,WIRED_NODE_2,WIRED_NODE_5,86,0.064000,
1720.000000,App1_VOICE,1,WIRED_NODE_2,WIRED_NODE_5,87,0.064000,
1740.000000,App1_VOICE,1,WIRED_NODE_2,WIRED_NODE_5,88,0.064000,
1760.000000,App1_VOICE,1,WIRED_NODE_2,WIRED_NODE_5,89,0.064000,
1780.000000,App1_VOICE,1,WIRED_NODE_2,WIRED_NODE_5,90,0.064000,
1800.000000,App1_VOICE,1,WIRED_NODE_2,WIRED_NODE_5,91,0.064000,
1820.000000,App1_VOICE,1,WIRED_NODE_2,WIRED_NODE_5,92,0.064000,
1840.000000,App1_VOICE,1,WIRED_NODE_2,WIRED_NODE_5,93,0.064000,
1860.000000,App1_VOICE,1,WIRED_NODE_2,WIRED_NODE_5,94,0.064000,
1880.000000,App1_VOICE,1,WIRED_NODE_2,WIRED_NODE_5,95,0.064000,
1900.000000,App1_VOICE,1,WIRED_NODE_2,WIRED_NODE_5,96,0.064000,
1920.000000,App1_VOICE,1,WIRED_NODE_2,WIRED_NODE_5,97,0.064000,
1940.000000,App1_VOICE,1,WIRED_NODE_2,WIRED_NODE_5,98,0.064000,
1960.000000,App1_VOICE,1,WIRED_NODE_2,WIRED_NODE_5,99,0.064000,
1980.000000,App1_VOICE,1,WIRED_NODE_2,WIRED_NODE_5,100,0.064000,
2000.000000,App1_VOICE,1,WIRED_NODE_2,WIRED_NODE_5,101,0.064000,
2020.000000,App1_VOICE,1,WIRED_NODE_2,WIRED_NODE_5,102,0.064000,
2040.000000,App1_VOICE,1,WIRED_NODE_2,WIRED_NODE_5,103,0.064000,
2060.000000,App1_VOICE,1,WIRED_NODE_2,WIRED_NODE_5,104,0.064000,
2080.000000,App1_VOICE,1,WIRED_NODE_2,WIRED_NODE_5,105,0.064000,
2100.000000,App1_VOICE,1,WIRED_NODE_2,WIRED_NODE_5,106,0.064000,
2120.000000,App1_VOICE,1,WIRED_NODE_2,WIRED_NODE_5,107,0.064000,
2140.000000,App1_VOICE,1,WIRED_NODE_2,WIRED_NODE_5,108,0.064000,
2160.000000,App1_VOICE,1,WIRED_NODE_2,WIRED_NODE_5,109,0.064000,
2180.000000,App1_VOICE,1,WIRED_NODE_2,WIRED_NODE_5,110,0.064000,
2200.000000,App1_VOICE,1,WIRED_NODE_2,WIRED_NODE_5,111,0.064000,
2220.000000,App1_VOICE,1,WIRED_NODE_2,WIRED_NODE_5,112,0.064000,
2240.000000,App1_VOICE,1,WIRED_NODE_2,WIRED_NODE_5,113,0.064000,
2260.000000,App1_VOICE,1,WIRED_NODE_2,WIRED_NODE_5,114,0.064000,
2280.000000,App1_VOICE,1,WIRED_NODE_2,WIRED_NODE_5,115,0.064000,
2300.000000,App1_VOICE,1,WIRED_NODE_2,WIRED_NODE_5,116,0.064000,
2320.000000,App1_VOICE,1,WIRED_NODE_2,WIRED_NODE_5,117,0.064000,
2340.000000,App1_VOICE,1,WIRED_NODE_2,WIRED_NODE_5,118,0.064000,
2360.000000,App1_VOICE,1,WIRED_NODE_2,WIRED_NODE_5,119,0.064000,
2380.000000,App1_VOICE,1,WIRED_NODE_2,WIRED_NODE_5,120,0.064000,
2400.000000,App1_VOICE,1,WIRED_NODE_2,WIRED_NODE_5,121,0.064000,
2420.000000,App1_VOICE,1,WIRED_NODE_2,WIRED_NODE_5,122,0.064000,
2440.000000,App1_VOICE,1,WIRED_NODE_2,WIRED_NODE_5,123,0.064000,
2460.000000,App1_VOICE,1,WIRED_NODE_2,WIRED_NODE_5,124,0.064000,
2480.000000,App1_VOICE,1,WIRED_NODE_2,WIRED_NODE_5,125,0.064000,
2500.000000,App1_VOICE,1,WIRED_NODE_2,WIRED_NODE_5,126,0.064000,
2520.000000,App1_VOICE,1,WIRED_NODE_2,WIRED_NODE_5,127,0.064000,
2540.000000,App1_VOICE,1,WIRED_NODE_2,WIRED_NODE_5,128,0.064000,
2560.000000,App1_VOICE,1,WIRED_NODE_2,WIRED_NODE_5,129,0.064000,
2580.000000,App1_VOICE,1,WIRED_NODE_2,WIRED_NODE_5,130,0.064000,
2600.000000,App1_VOICE,1,WIRED_NODE_2,WIRED_NODE_5,131,0.064000,
2620.000000,App1_VOICE,1,WIRED_NODE_2,WIRED_NODE_5,132,0.064000,
2640.000000,App1_VOICE,1,WIRED_NODE_2,WIRED_NODE_5,133,0.064000,
2660.000000,App1_VOICE,1,WIRED_NODE_2,WIRED_NODE_5,134,0.064000,
2680.000000,App1_VOICE,1,WIRED_NODE_2,WIRED_NODE_5,135,0.064000,
2700.000000,App1_VOICE,1,WIRED_NODE_2,WIRED_NODE_5,136,0.064000,
2720.000000,App1_VOICE,1,WIRED_NODE_2,WIRED_NODE_5,137,0.064000,
2740.000000,App1_VOICE,1,WIRED_NODE_2,WIRED_NODE_5,138,0.064000,
2760.000000,App1_VOICE,1,WIRED_NODE_2,WIRED_NODE_5,139,0.064000,
2780.000000,App1_VOICE,1,WIRED_NODE_2,WIRED_NODE_5,140,0.064000,
2800.000000,App1_VOICE,1,WIRED_NODE_2,WIRED_NODE_5,141,0.064000,
2820.000000,App1_VOICE,1,WIRED_NODE_2,WIRED_NODE_5,142,0.064000,
2840.000000,App1_VOICE,1,WIRED_NODE_2,WIRED_NODE_5,143,0.064000,
2860.000000,App1_VOICE,1,WIRED_NODE_2,WIRED_NODE_5,144,0.064000,
2880.000000,App1_VOICE,1,WIRED_NODE_2,WIRED_NODE_5,145,0.064000,
2900.000000,App1_VOICE,1,WIRED_NODE_2,WIRED_NODE_5,146,0.064000,
2920.000000,App1_VOICE,1,WIRED_NODE_2,WIRED_NODE_5,147,0.064000,
2940.000000,App1_VOICE,1,WIRED_NODE_2,WIRED_NODE_5,148,0.064000,
2960.000000,App1_VOICE,1,WIRED_NODE_2,WIRED_NODE_5,149,0.064000,
2980.000000,App1_VOICE,1,WIRED_NODE_2,WIRED_NODE_5,150,0.064000,
3000.000000,App1_VOICE,1,WIRED_NODE_2,WIRED_NODE_5,151,0.064000,
3020.000000,App1_VOICE,1,WIRED_NODE_2,WIRED_NODE_5,152,0.064000,
3040.000000,App1_VOICE,1,WIRED_NODE_2,WIRED_NODE_5,153,0.064000,
3060.000000,App1_VOICE,1,WIRED_NODE_2,WIRED_NODE_5,154,0.064000,
3080.000000,App1_VOICE,1,WIRED_NODE_2,WIRED_NODE_5,155,0.064000,
3100.000000,App1_VOICE,1,WIRED_NODE_2,WIRED_NODE_5,156,0.064000,
3120.000000,App1_VOICE,1,WIRED_NODE_2,WIRED_NODE_5,157,0.064000,
3140.000000,App1_VOICE,1,WIRED_NODE_2,WIRED_NODE_5,158,0.064000,
3160.000000,App1_VOICE,1,WIRED_NODE_2,WIRED_NODE_5,159,0.064000,
3180.000000,App1_VOICE,1,WIRED_NODE_2,WIRED_NODE_5,160,0.064000,
3200.000000,App1_VOICE,1,WIRED_NODE_2,WIRED_NODE_5,161,0.064000,
3220.000000,App1_VOICE,1,WIRED_NODE_2,WIRED_NODE_5,162,0.064000,
3240.000000,App1_VOICE,1,WIRED_NODE_2,WIRED_NODE_5,163,0.064000,
3260.000000,App1_VOICE,1,WIRED_NODE_2,WIRED_NODE_5,164,0.064000,
3280.000000,App1_VOICE,1,WIRED_NODE_2,WIRED_NODE_5,165,0.064000,
3300.000000,App1_VOICE,1,WIRED_NODE_2,WIRED_NODE_5,166,0.064000,
3320.000000,App1_VOICE,1,WIRED_NODE_2,WIRED_NODE_5,167,0.064000,
3340.000000,App1_VOICE,1,WIRED_NODE_2,WIRED_NODE_5,168,0.064000,
3360.000000,App1_VOICE,1,WIRED_NODE_2,WIRED_NODE_5,169,0.064000,
3380.000000,App1_VOICE,1,WIRED_NODE_2,WIRED_NODE_5,170,0.064000,
3400.000000,App1_VOICE,1,WIRED_NODE_2,WIRED_NODE_5,171,0.064000,
3420.000000,App1_VOICE,1,WIRED_NODE_2,WIRED_NODE_5,172,0.064000,
3440.000000,App1_VOICE,1,WIRED_NODE_2,WIRED_NODE_5,173,0.064000,
3460.000000,App1_VOICE,1,WIRED_NODE_2,WIRED_NODE_5,174,0.064000,
3480.000000,App1_VOICE,1,WIRED_NODE_2,WIRED_NODE_5,175,0.064000,
3500.000000,App1_VOICE,1,WIRED_NODE_2,WIRED_NODE_5,176,0.064000,
3520.000000,App1_VOICE,1,WIRED_NODE_2,WIRED_NODE_5,177,0.064000,
3540.000000,App1_VOICE,1,WIRED_NODE_2,WIRED_NODE_5,178,0.064000,
3560.000000,App1_VOICE,1,WIRED_NODE_2,WIRED_NODE_5,179,0.064000,
3580.000000,App1_VOICE,1,WIRED_NODE_2,WIRED_NODE_5,180,0.064000,
3600.000000,App1_VOICE,1,WIRED_NODE_2,WIRED_NODE_5,181,0.064000,
3620.000000,App1_VOICE,1,WIRED_NODE_2,WIRED_NODE_5,182,0.064000,
3640.000000,App1_VOICE,1,WIRED_NODE_2,WIRED_NODE_5,183,0.064000,
3660.000000,App1_VOICE,1,WIRED_NODE_2,WIRED_NODE_5,184,0.064000,
3680.000000,App1_VOICE,1,WIRED_NODE_2,WIRED_NODE_5,185,0.064000,
3700.000000,App1_VOICE,1,WIRED_NODE_2,WIRED_NODE_5,186,0.064000,
3720.000000,App1_VOICE,1,WIRED_NODE_2,WIRED_NODE_5,187,0.064000,
3740.000000,App1_VOICE,1,WIRED_NODE_2,WIRED_NODE_5,188,0.064000,
3760.000000,App1_VOICE,1,WIRED_NODE_2,WIRED_NODE_5,189,0.064000,
3780.000000,App1_VOICE,1,WIRED_NODE_2,WIRED_NODE_5,190,0.064000,
3800.000000,App1_VOICE,1,WIRED_NODE_2,WIRED_NODE_5,191,0.064000,
3820.000000,App1_VOICE,1,WIRED_NODE_2,WIRED_NODE_5,192,0.064000,
3840.000000,App1_VOICE,1,WIRED_NODE_2,WIRED_NODE_5,193,0.064000,
3860.000000,App1_VOICE,1,WIRED_NODE_2,WIRED_NODE_5,194,0.064000,
3880.000000,App1_VOICE,1,WIRED_NODE_2,WIRED_NODE_5,195,0.064000,
3900.000000,App1_VOICE,1,WIRED_NODE_2,WIRED_NODE_5,196,0.064000,
3920.000000,App1_VOICE,1,WIRED_NODE_2,WIRED_NODE_5,197,0.064000,
3940.000000,App1_VOICE,1,WIRED_NODE_2,WIRED_NODE_5,198,0.064000,
3960.000000,App1_VOICE,1,WIRED_NODE_2,WIRED_NODE_5,199,0.064000,
3980.000000,App1_VOICE,1,WIRED_NODE_2,WIRED_NODE_5,200,0.064000,
4000.000000,App1_VOICE,1,WIRED_NODE_2,WIRED_NODE_5,201,0.064000,
4020.000000,App1_VOICE,1,WIRED_NODE_2,WIRED_NODE_5,202,0.064000,
4040.000000,App1_VOICE,1,WIRED_NODE_2,WIRED_NODE_5,203,0.064000,
4060.000000,App1_VOICE,1,WIRED_NODE_2,WIRED_NODE_5,204,0.064000,
4080.000000,App1_VOICE,1,WIRED_NODE_2,WIRED_NODE_5,205,0.064000,
4100.000000,App1_VOICE,1,WIRED_NODE_2,WIRED_NODE_5,206,0.064000,
4120.000000,App1_VOICE,1,WIRED_NODE_2,WIRED_NODE_5,207,0.064000,
4140.000000,App1_VOICE,1,WIRED_NODE_2,WIRED_NODE_5,208,0.064000,
4160.000000,App1_VOICE,1,WIRED_NODE_2,WIRED_NODE_5,209,0.064000,
4180.000000,App1_VOICE,1,WIRED_NODE_2,WIRED_NODE_5,210,0.064000,
4200.000000,App1_VOICE,1,WIRED_NODE_2,WIRED_NODE_5,211,0.064000,
4220.000000,App1_VOICE,1,WIRED_NODE_2,WIRED_NODE_5,212,0.064000,
4240.000000,App1_VOICE,1,WIRED_NODE_2,WIRED_NODE_5,213,0.064000,
4260.000000,App1_VOICE,1,WIRED_NODE_2,WIRED_NODE_5,214,0.064000,
4280.000000,App1_VOICE,1,WIRED_NODE_2,WIRED_NODE_5,215,0.064000,
4300.000000,App1_VOICE,1,WIRED_NODE_2,WIRED_NODE_5,216,0.064000,
4320.000000,App1_VOICE,1,WIRED_NODE_2,WIRED_NODE_5,217,0.064000,
4340.000000,App1_VOICE,1,WIRED_NODE_2,WIRED_NODE_5,218,0.064000,
4360.000000,App1_VOICE,1,WIRED_NODE_2,WIRED_NODE_5,219,0.064000,
4380.000000,App1_VOICE,1,WIRED_NODE_2,WIRED_NODE_5,220,0.064000,
4400.000000,App1_VOICE,1,WIRED_NODE_2,WIRED_NODE_5,221,0.064000,
4420.000000,App1_VOICE,1,WIRED_NODE_2,WIRED_NODE_5,222,0.064000,
4440.000000,App1_VOICE,1,WIRED_NODE_2,WIRED_NODE_5,223,0.064000,
4460.000000,App1_VOICE,1,WIRED_NODE_2,WIRED_NODE_5,224,0.064000,
4480.000000,App1_VOICE,1,WIRED_NODE_2,WIRED_NODE_5,225,0.064000,
4500.000000,App1_VOICE,1,WIRED_NODE_2,WIRED_NODE_5,226,0.064000,
4520.000000,App1_VOICE,1,WIRED_NODE_2,WIRED_NODE_5,227,0.064000,
4540.000000,App1_VOICE,1,WIRED_NODE_2,WIRED_NODE_5,228,0.064000,
4560.000000,App1_VOICE,1,WIRED_NODE_2,WIRED_NODE_5,229,0.064000,
4580.000000,App1_VOICE,1,WIRED_NODE_2,WIRED_NODE_5,230,0.064000,
4600.000000,App1_VOICE,1,WIRED_NODE_2,WIRED_NODE_5,231,0.064000,
4620.000000,App1_VOICE,1,WIRED_NODE_2,WIRED_NODE_5,232,0.064000,
4640.000000,App1_VOICE,1,WIRED_NODE_2,WIRED_NODE_5,233,0.064000,
4660.000000,App1_VOICE,1,WIRED_NODE_2,WIRED_NODE_5,234,0.064000,
4680.000000,App1_VOICE,1,WIRED_NODE_2,WIRED_NODE_5,235,0.064000,
4700.000000,App1_VOICE,1,WIRED_NODE_2,WIRED_NODE_5,236,0.064000,
4720.000000,App1_VOICE,1,WIRED_NODE_2,WIRED_NODE_5,237,0.064000,
4740.000000,App1_VOICE,1,WIRED_NODE_2,WIRED_NODE_5,238,0.064000,
4760.000000,App1_VOICE,1,WIRED_NODE_2,WIRED_NODE_5,239,0.064000,
4780.000000,App1_VOICE,1,WIRED_NODE_2,WIRED_NODE_5,240,0.064000,
4800.000000,App1_VOICE,1,WIRED_NODE_2,WIRED_NODE_5,241,0.064000,
4820.000000,App1_VOICE,1,WIRED_NODE_2,WIRED_NODE_5,242,0.064000,
4840.000000,App1_VOICE,1,WIRED_NODE_2,WIRED_NODE_5,243,0.064000,
4860.000000,App1_VOICE,1,WIRED_NODE_2,WIRED_NODE_5,244,0.064000,
4880.000000,App1_VOICE,1,WIRED_NODE_2,WIRED_NODE_5,245,0.064000,
4900.000000,App1_VOICE,1,WIRED_NODE_2,WIRED_NODE_5,246,0.064000,
4920.000000,App1_VOICE,1,WIRED_NODE_2,WIRED_NODE_5,247,0.064000,
4940.000000,App1_VOICE,1,WIRED_NODE_2,WIRED_NODE_5,248,0.064000,
4960.000000,App1_VOICE,1,WIRED_NODE_2,WIRED_NODE_5,249,0.064000,
4980.000000,App1_VOICE,1,WIRED_NODE_2,WIRED_NODE_5,250,0.064000,
5000.000000,App1_VOICE,1,WIRED_NODE_2,WIRED_NODE_5,251,0.064000,
5020.000000,App1_VOICE,1,WIRED_NODE_2,WIRED_NODE_5,252,0.064000,
5040.000000,App1_VOICE,1,WIRED_NODE_2,WIRED_NODE_5,253,0.064000,
5060.000000,App1_VOICE,1,WIRED_NODE_2,WIRED_NODE_5,254,0.064000,
5080.000000,App1_VOICE,1,WIRED_NODE_2,WIRED_NODE_5,255,0.064000,
5100.000000,App1_VOICE,1,WIRED_NODE_2,WIRED_NODE_5,256,0.064000,
5120.000000,App1_VOICE,1,WIRED_NODE_2,WIRED_NODE_5,257,0.064000,
5140.000000,App1_VOICE,1,WIRED_NODE_2,WIRED_NODE_5,258,0.064000,
5160.000000,App1_VOICE,1,WIRED_NODE_2,WIRED_NODE_5,259,0.064000,
5180.000000,App1_VOICE,1,WIRED_NODE_2,WIRED_NODE_5,260,0.064000,
5200.000000,App1_VOICE,1,WIRED_NODE_2,WIRED_NODE_5,261,0.064000,
5220.000000,App1_VOICE,1,WIRED_NODE_2,WIRED_NODE_5,262,0.064000,
5240.000000,App1_VOICE,1,WIRED_NODE_2,WIRED_NODE_5,263,0.064000,
5260.000000,App1_VOICE,1,WIRED_NODE_2,WIRED_NODE_5,264,0.064000,
5280.000000,App1_VOICE,1,WIRED_NODE_2,WIRED_NODE_5,265,0.064000,
5300.000000,App1_VOICE,1,WIRED_NODE_2,WIRED_NODE_5,266,0.064000,
5320.000000,App1_VOICE,1,WIRED_NODE_2,WIRED_NODE_5,267,0.064000,
5340.000000,App1_VOICE,1,WIRED_NODE_2,WIRED_NODE_5,268,0.064000,
5360.000000,App1_VOICE,1,WIRED_NODE_2,WIRED_NODE_5,269,0.064000,
5380.000000,App1_VOICE,1,WIRED_NODE_2,WIRED_NODE_5,270,0.064000,
5400.000000,App1_VOICE,1,WIRED_NODE_2,WIRED_NODE_5,271,0.064000,
5420.000000,App1_VOICE,1,WIRED_NODE_2,WIRED_NODE_5,272,0.064000,
5440.000000,App1_VOICE,1,WIRED_NODE_2,WIRED_NODE_5,273,0.064000,
5460.000000,App1_VOICE,1,WIRED_NODE_2,WIRED_NODE_5,274,0.064000,
5480.000000,App1_VOICE,1,WIRED_NODE_2,WIRED_NODE_5,275,0.064000,
5500.000000,App1_VOICE,1,WIRED_NODE_2,WIRED_NODE_5,276,0.064000,
5520.000000,App1_VOICE,1,WIRED_NODE_2,WIRED_NODE_5,277,0.064000,
5540.000000,App1_VOICE,1,WIRED_NODE_2,WIRED_NODE_5,278,0.064000,
5560.000000,App1_VOICE,1,WIRED_NODE_2,WIRED_NODE_5,279,0.064000,
5580.000000,App1_VOICE,1,WIRED_NODE_2,WIRED_NODE_5,280,0.064000,
5600.000000,App1_VOICE,1,WIRED_NODE_2,WIRED_NODE_5,281,0.064000,
5620.000000,App1_VOICE,1,WIRED_NODE_2,WIRED_NODE_5,282,0.064000,
5640.000000,App1_VOICE,1,WIRED_NODE_2,WIRED_NODE_5,283,0.064000,
5660.000000,App1_VOICE,1,WIRED_NODE_2,WIRED_NODE_5,284,0.064000,
5680.000000,App1_VOICE,1,WIRED_NODE_2,WIRED_NODE_5,285,0.064000,
5700.000000,App1_VOICE,1,WIRED_NODE_2,WIRED_NODE_5,286,0.064000,
5720.000000,App1_VOICE,1,WIRED_NODE_2,WIRED_NODE_5,287,0.064000,
5740.000000,App1_VOICE,1,WIRED_NODE_2,WIRED_NODE_5,288,0.064000,
5760.000000,App1_VOICE,1,WIRED_NODE_2,WIRED_NODE_5,289,0.064000,
5780.000000,App1_VOICE,1,WIRED_NODE_2,WIRED_NODE_5,290,0.064000,
5800.000000,App1_VOICE,1,WIRED_NODE_2,WIRED_NODE_5,291,0.064000,
5820.000000,App1_VOICE,1,WIRED_NODE_2,WIRED_NODE_5,292,0.064000,
5840.000000,App1_VOICE,1,WIRED_NODE_2,WIRED_NODE_5,293,0.064000,
5860.000000,App1_VOICE,1,WIRED_NODE_2,WIRED_NODE_5,294,0.064000,
5880.000000,App1_VOICE,1,WIRED_NODE_2,WIRED_NODE_5,295,0.064000,
5900.000000,App1_VOICE,1,WIRED_NODE_2,WIRED_NODE_5,296,0.064000,
5920.000000,App1_VOICE,1,WIRED_NODE_2,WIRED_NODE_5,297,0.064000,
5940.000000,App1_VOICE,1,WIRED_NODE_2,WIRED_NODE_5,298,0.064000,
5960.000000,App1_VOICE,1,WIRED_NODE_2,WIRED_NODE_5,299,0.064000,
5980.000000,App1_VOICE,1,WIRED_NODE_2,WIRED_NODE_5,300,0.064000,
6000.000000,App1_VOICE,1,WIRED_NODE_2,WIRED_NODE_5,301,0.064000,
6020.000000,App1_VOICE,1,WIRED_NODE_2,WIRED_NODE_5,302,0.064000,
6040.000000,App1_VOICE,1,WIRED_NODE_2,WIRED_NODE_5,303,0.064000,
6060.000000,App1_VOICE,1,WIRED_NODE_2,WIRED_NODE_5,304,0.064000,
6080.000000,App1_VOICE,1,WIRED_NODE_2,WIRED_NODE_5,305,0.064000,
6100.000000,App1_VOICE,1,WIRED_NODE_2,WIRED_NODE_5,306,0.064000,
6120.000000,App1_VOICE,1,WIRED_NODE_2,WIRED_NODE_5,307,0.064000,
6140.000000,App1_VOICE,1,WIRED_NODE_2,WIRED_NODE_5,308,0.064000,
6160.000000,App1_VOICE,1,WIRED_NODE_2,WIRED_NODE_5,309,0.064000,
6180.000000,App1_VOICE,1,WIRED_NODE_2,WIRED_NODE_5,310,0.064000,
6200.000000,App1_VOICE,1,WIRED_NODE_2,WIRED_NODE_5,311,0.064000,
6220.000000,App1_VOICE,1,WIRED_NODE_2,WIRED_NODE_5,312,0.064000,
6240.000000,App1_VOICE,1,WIRED_NODE_2,WIRED_NODE_5,313,0.064000,
6260.000000,App1_VOICE,1,WIRED_NODE_2,WIRED_NODE_5,314,0.064000,
6280.000000,App1_VOICE,1,WIRED_NODE_2,WIRED_NODE_5,315,0.064000,
6300.000000,App1_VOICE,1,WIRED_NODE_2,WIRED_NODE_5,316,0.064000,
6320.000000,App1_VOICE,1,WIRED_NODE_2,WIRED_NODE_5,317,0.064000,
6340.000000,App1_VOICE,1,WIRED_NODE_2,WIRED_NODE_5,318,0.064000,
6360.000000,App1_VOICE,1,WIRED_NODE_2,WIRED_NODE_5,319,0.064000,
6380.000000,App1_VOICE,1,WIRED_NODE_2,WIRED_NODE_5,320,0.064000,
6400.000000,App1_VOICE,1,WIRED_NODE_2,WIRED_NODE_5,321,0.064000,
6420.000000,App1_VOICE,1,WIRED_NODE_2,WIRED_NODE_5,322,0.064000,
6440.000000,App1_VOICE,1,WIRED_NODE_2,WIRED_NODE_5,323,0.064000,
6460.000000,App1_VOICE,1,WIRED_NODE_2,WIRED_NODE_5,324,0.064000,
6480.000000,App1_VOICE,1,WIRED_NODE_2,WIRED_NODE_5,325,0.064000,
6500.000000,App1_VOICE,1,WIRED_NODE_2,WIRED_NODE_5,326,0.064000,
6520.000000,App1_VOICE,1,WIRED_NODE_2,WIRED_NODE_5,327,0.064000,
6540.000000,App1_VOICE,1,WIRED_NODE_2,WIRED_NODE_5,328,0.064000,
6560.000000,App1_VOICE,1,WIRED_NODE_2,WIRED_NODE_5,329,0.064000,
6580.000000,App1_VOICE,1,WIRED_NODE_2,WIRED_NODE_5,330,0.064000,
6600.000000,App1_VOICE,1,WIRED_NODE_2,WIRED_NODE_5,331,0.064000,
6620.000000,App1_VOICE,1,WIRED_NODE_2,WIRED_NODE_5,332,0.064000,
6640.000000,App1_VOICE,1,WIRED_NODE_2,WIRED_NODE_5,333,0.064000,
6660.000000,App1_VOICE,1,WIRED_NODE_2,WIRED_NODE_5,334,0.064000,
6680.000000,App1_VOICE,1,WIRED_NODE_2,WIRED_NODE_5,335,0.064000,
6700.000000,App1_VOICE,1,WIRED_NODE_2,WIRED_NODE_5,336,0.064000,
6720.000000,App1_VOICE,1,WIRED_NODE_2,WIRED_NODE_5,337,0.064000,
6740.000000,App1_VOICE,1,WIRED_NODE_2,WIRED_NODE_5,338,0.064000,
6760.000000,App1_VOICE,1,WIRED_NODE_2,WIRED_NODE_5,339,0.064000,
6780.000000,App1_VOICE,1,WIRED_NODE_2,WIRED_NODE_5,340,0.064000,
6800.000000,App1_VOICE,1,WIRED_NODE_2,WIRED_NODE_5,341,0.064000,
6820.000000,App1_VOICE,1,WIRED_NODE_2,WIRED_NODE_5,342,0.064000,
6840.000000,App1_VOICE,1,WIRED_NODE_2,WIRED_NODE_5,343,0.064000,
6860.000000,App1_VOICE,1,WIRED_NODE_2,WIRED_NODE_5,344,0.064000,
6880.000000,App1_VOICE,1,WIRED_NODE_2,WIRED_NODE_5,345,0.064000,
6900.000000,App1_VOICE,1,WIRED_NODE_2,WIRED_NODE_5,346,0.064000,
6920.000000,App1_VOICE,1,WIRED_NODE_2,WIRED_NODE_5,347,0.064000,
6940.000000,App1_VOICE,1,WIRED_NODE_2,WIRED_NODE_5,348,0.064000,
6960.000000,App1_VOICE,1,WIRED_NODE_2,WIRED_NODE_5,349,0.064000,
6980.000000,App1_VOICE,1,WIRED_NODE_2,WIRED_NODE_5,350,0.064000,
7000.000000,App1_VOICE,1,WIRED_NODE_2,WIRED_NODE_5,351,0.064000,
7020.000000,App1_VOICE,1,WIRED_NODE_2,WIRED_NODE_5,352,0.064000,
7040.000000,App1_VOICE,1,WIRED_NODE_2,WIRED_NODE_5,353,0.064000,
7060.000000,App1_VOICE,1,WIRED_NODE_2,WIRED_NODE_5,354,0.064000,
7080.000000,App1_VOICE,1,WIRED_NODE_2,WIRED_NODE_5,355,0.064000,
7100.000000,App1_VOICE,1,WIRED_NODE_2,WIRED_NODE_5,356,0.064000,
7120.000000,App1_VOICE,1,WIRED_NODE_2,WIRED_NODE_5,357,0.064000,
7140.000000,App1_VOICE,1,WIRED_NODE_2,WIRED_NODE_5,358,0.064000,
7160.000000,App1_VOICE,1,WIRED_NODE_2,WIRED_NODE_5,359,0.064000,
7180.000000,App1_VOICE,1,WIRED_NODE_2,WIRED_NODE_5,360,0.064000,
7200.000000,App1_VOICE,1,WIRED_NODE_2,WIRED_NODE_5,361,0.064000,
7220.000000,App1_VOICE,1,WIRED_NODE_2,WIRED_NODE_5,362,0.064000,
7240.000000,App1_VOICE,1,WIRED_NODE_2,WIRED_NODE_5,363,0.064000,
7260.000000,App1_VOICE,1,WIRED_NODE_2,WIRED_NODE_5,364,0.064000,
7280.000000,App1_VOICE,1,WIRED_NODE_2,WIRED_NODE_5,365,0.064000,
7300.000000,App1_VOICE,1,WIRED_NODE_2,WIRED_NODE_5,366,0.064000,
7320.000000,App1_VOICE,1,WIRED_NODE_2,WIRED_NODE_5,367,0.064000,
7340.000000,App1_VOICE,1,WIRED_NODE_2,WIRED_NODE_5,368,0.064000,
7360.000000,App1_VOICE,1,WIRED_NODE_2,WIRED_NODE_5,369,0.064000,
7380.000000,App1_VOICE,1,WIRED_NODE_2,WIRED_NODE_5,370,0.064000,
7400.000000,App1_VOICE,1,WIRED_NODE_2,WIRED_NODE_5,371,0.064000,
7420.000000,App1_VOICE,1,WIRED_NODE_2,WIRED_NODE_5,372,0.064000,
7440.000000,App1_VOICE,1,WIRED_NODE_2,WIRED_NODE_5,373,0.064000,
7460.000000,App1_VOICE,1,WIRED_NODE_2,WIRED_NODE_5,374,0.064000,
7480.000000,App1_VOICE,1,WIRED_NODE_2,WIRED_NODE_5,375,0.064000,
7500.000000,App1_VOICE,1,WIRED_NODE_2,WIRED_NODE_5,376,0.064000,
7520.000000,App1_VOICE,1,WIRED_NODE_2,WIRED_NODE_5,377,0.064000,
7540.000000,App1_VOICE,1,WIRED_NODE_2,WIRED_NODE_5,378,0.064000,
7560.000000,App1_VOICE,1,WIRED_NODE_2,WIRED_NODE_5,379,0.064000,
7580.000000,App1_VOICE,1,WIRED_NODE_2,WIRED_NODE_5,380,0.064000,
7600.000000,App1_VOICE,1,WIRED_NODE_2,WIRED_NODE_5,381,0.064000,
7620.000000,App1_VOICE,1,WIRED_NODE_2,WIRED_NODE_5,382,0.064000,
7640.000000,App1_VOICE,1,WIRED_NODE_2,WIRED_NODE_5,383,0.064000,
7660.000000,App1_VOICE,1,WIRED_NODE_2,WIRED_NODE_5,384,0.064000,
7680.000000,App1_VOICE,1,WIRED_NODE_2,WIRED_NODE_5,385,0.064000,
7700.000000,App1_VOICE,1,WIRED_NODE_2,WIRED_NODE_5,386,0.064000,
7720.000000,App1_VOICE,1,WIRED_NODE_2,WIRED_NODE_5,387,0.064000,
7740.000000,App1_VOICE,1,WIRED_NODE_2,WIRED_NODE_5,388,0.064000,
7760.000000,App1_VOICE,1,WIRED_NODE_2,WIRED_NODE_5,389,0.064000,
7780.000000,App1_VOICE,1,WIRED_NODE_2,WIRED_NODE_5,390,0.064000,
7800.000000,App1_VOICE,1,WIRED_NODE_2,WIRED_NODE_5,391,0.064000,
7820.000000,App1_VOICE,1,WIRED_NODE_2,WIRED_NODE_5,392,0.064000,
7840.000000,App1_VOICE,1,WIRED_NODE_2,WIRED_NODE_5,393,0.064000,
7860.000000,App1_VOICE,1,WIRED_NODE_2,WIRED_NODE_5,394,0.064000,
7880.000000,App1_VOICE,1,WIRED_NODE_2,WIRED_NODE_5,395,0.064000,
7900.000000,App1_VOICE,1,WIRED_NODE_2,WIRED_NODE_5,396,0.064000,
7920.000000,App1_VOICE,1,WIRED_NODE_2,WIRED_NODE_5,397,0.064000,
7940.000000,App1_VOICE,1,WIRED_NODE_2,WIRED_NODE_5,398,0.064000,
7960.000000,App1_VOICE,1,WIRED_NODE_2,WIRED_NODE_5,399,0.064000,
7980.000000,App1_VOICE,1,WIRED_NODE_2,WIRED_NODE_5,400,0.064000,
8000.000000,App1_VOICE,1,WIRED_NODE_2,WIRED_NODE_5,401,0.064000,
8020.000000,App1_VOICE,1,WIRED_NODE_2,WIRED_NODE_5,402,0.064000,
8040.000000,App1_VOICE,1,WIRED_NODE_2,WIRED_NODE_5,403,0.064000,
8060.000000,App1_VOICE,1,WIRED_NODE_2,WIRED_NODE_5,404,0.064000,
8080.000000,App1_VOICE,1,WIRED_NODE_2,WIRED_NODE_5,405,0.064000,
8100.000000,App1_VOICE,1,WIRED_NODE_2,WIRED_NODE_5,406,0.064000,
8120.000000,App1_VOICE,1,WIRED_NODE_2,WIRED_NODE_5,407,0.064000,
8140.000000,App1_VOICE,1,WIRED_NODE_2,WIRED_NODE_5,408,0.064000,
8160.000000,App1_VOICE,1,WIRED_NODE_2,WIRED_NODE_5,409,0.064000,
8180.000000,App1_VOICE,1,WIRED_NODE_2,WIRED_NODE_5,410,0.064000,
8200.000000,App1_VOICE,1,WIRED_NODE_2,WIRED_NODE_5,411,0.064000,
8220.000000,App1_VOICE,1,WIRED_NODE_2,WIRED_NODE_5,412,0.064000,
8240.000000,App1_VOICE,1,WIRED_NODE_2,WIRED_NODE_5,413,0.064000,
8260.000000,App1_VOICE,1,WIRED_NODE_2,WIRED_NODE_5,414,0.064000,
8280.000000,App1_VOICE,1,WIRED_NODE_2,WIRED_NODE_5,415,0.064000,
8300.000000,App1_VOICE,1,WIRED_NODE_2,WIRED_NODE_5,416,0.064000,
8320.000000,App1_VOICE,1,WIRED_NODE_2,WIRED_NODE_5,417,0.064000,
8340.000000,App1_VOICE,1,WIRED_NODE_2,WIRED_NODE_5,418,0.064000,
8360.000000,App1_VOICE,1,WIRED_NODE_2,WIRED_NODE_5,419,0.064000,
8380.000000,App1_VOICE,1,WIRED_NODE_2,WIRED_NODE_5,420,0.064000,
8400.000000,App1_VOICE,1,WIRED_NODE_2,WIRED_NODE_5,421,0.064000,
8420.000000,App1_VOICE,1,WIRED_NODE_2,WIRED_NODE_5,422,0.064000,
8440.000000,App1_VOICE,1,WIRED_NODE_2,WIRED_NODE_5,423,0.064000,
8460.000000,App1_VOICE,1,WIRED_NODE_2,WIRED_NODE_5,424,0.064000,
8480.000000,App1_VOICE,1,WIRED_NODE_2,WIRED_NODE_5,425,0.064000,
8500.000000,App1_VOICE,1,WIRED_NODE_2,WIRED_NODE_5,426,0.064000,
8520.000000,App1_VOICE,1,WIRED_NODE_2,WIRED_NODE_5,427,0.064000,
8540.000000,App1_VOICE,1,WIRED_NODE_2,WIRED_NODE_5,428,0.064000,
8560.000000,App1_VOICE,1,WIRED_NODE_2,WIRED_NODE_5,429,0.064000,
8580.000000,App1_VOICE,1,WIRED_NODE_2,WIRED_NODE_5,430,0.064000,
8600.000000,App1_VOICE,1,WIRED_NODE_2,WIRED_NODE_5,431,0.064000,
8620.000000,App1_VOICE,1,WIRED_NODE_2,WIRED_NODE_5,432,0.064000,
8640.000000,App1_VOICE,1,WIRED_NODE_2,WIRED_NODE_5,433,0.064000,
8660.000000,App1_VOICE,1,WIRED_NODE_2,WIRED_NODE_5,434,0.064000,
8680.000000,App1_VOICE,1,WIRED_NODE_2,WIRED_NODE_5,435,0.064000,
8700.000000,App1_VOICE,1,WIRED_NODE_2,WIRED_NODE_5,436,0.064000,
8720.000000,App1_VOICE,1,WIRED_NODE_2,WIRED_NODE_5,437,0.064000,
8740.000000,App1_VOICE,1,WIRED_NODE_2,WIRED_NODE_5,438,0.064000,
8760.000000,App1_VOICE,1,WIRED_NODE_2,WIRED_NODE_5,439,0.064000,
8780.000000,App1_VOICE,1,WIRED_NODE_2,WIRED_NODE_5,440,0.064000,
8800.000000,App1_VOICE,1,WIRED_NODE_2,WIRED_NODE_5,441,0.064000,
8820.000000,App1_VOICE,1,WIRED_NODE_2,WIRED_NODE_5,442,0.064000,
8840.000000,App1_VOICE,1,WIRED_NODE_2,WIRED_NODE_5,443,0.064000,
8860.000000,App1_VOICE,1,WIRED_NODE_2,WIRED_NODE_5,444,0.064000,
8880.000000,App1_VOICE,1,WIRED_NODE_2,WIRED_NODE_5,445,0.064000,
8900.000000,App1_VOICE,1,WIRED_NODE_2,WIRED_NODE_5,446,0.064000,
8920.000000,App1_VOICE,1,WIRED_NODE_2,WIRED_NODE_5,447,0.064000,
8940.000000,App1_VOICE,1,WIRED_NODE_2,WIRED_NODE_5,448,0.064000,
8960.000000,App1_VOICE,1,WIRED_NODE_2,WIRED_NODE_5,449,0.064000,
8980.000000,App1_VOICE,1,WIRED_NODE_2,WIRED_NODE_5,450,0.064000,
9000.000000,App1_VOICE,1,WIRED_NODE_2,WIRED_NODE_5,451,0.064000,
9020.000000,App1_VOICE,1,WIRED_NODE_2,WIRED_NODE_5,452,0.064000,
9040.000000,App1_VOICE,1,WIRED_NODE_2,WIRED_NODE_5,453,0.064000,
9060.000000,App1_VOICE,1,WIRED_NODE_2,WIRED_NODE_5,454,0.064000,
9080.000000,App1_VOICE,1,WIRED_NODE_2,WIRED_NODE_5,455,0.064000,
9100.000000,App1_VOICE,1,WIRED_NODE_2,WIRED_NODE_5,456,0.064000,
9120.000000,App1_VOICE,1,WIRED_NODE_2,WIRED_NODE_5,457,0.064000,
9140.000000,App1_VOICE,1,WIRED_NODE_2,WIRED_NODE_5,458,0.064000,
9160.000000,App1_VOICE,1,WIRED_NODE_2,WIRED_NODE_5,459,0.064000,
9180.000000,App1_VOICE,1,WIRED_NODE_2,WIRED_NODE_5,460,0.064000,
9200.000000,App1_VOICE,1,WIRED_NODE_2,WIRED_NODE_5,461,0.064000,
9220.000000,App1_VOICE,1,WIRED_NODE_2,WIRED_NODE_5,462,0.064000,
9240.000000,App1_VOICE,1,WIRED_NODE_2,WIRED_NODE_5,463,0.064000,
9260.000000,App1_VOICE,1,WIRED_NODE_2,WIRED_NODE_5,464,0.064000,
9280.000000,App1_VOICE,1,WIRED_NODE_2,WIRED_NODE_5,465,0.064000,
9300.000000,App1_VOICE,1,WIRED_NODE_2,WIRED_NODE_5,466,0.064000,
9320.000000,App1_VOICE,1,WIRED_NODE_2,WIRED_NODE_5,467,0.064000,
9340.000000,App1_VOICE,1,WIRED_NODE_2,WIRED_NODE_5,468,0.064000,
9360.000000,App1_VOICE,1,WIRED_NODE_2,WIRED_NODE_5,469,0.064000,
9380.000000,App1_VOICE,1,WIRED_NODE_2,WIRED_NODE_5,470,0.064000,
9400.000000,App1_VOICE,1,WIRED_NODE_2,WIRED_NODE_5,471,0.064000,
9420.000000,App1_VOICE,1,WIRED_NODE_2,WIRED_NODE_5,472,0.064000,
9440.000000,App1_VOICE,1,WIRED_NODE_2,WIRED_NODE_5,473,0.064000,
9460.000000,App1_VOICE,1,WIRED_NODE_2,WIRED_NODE_5,474,0.064000,
9480.000000,App1_VOICE,1,WIRED_NODE_2,WIRED_NODE_5,475,0.064000,
9500.000000,App1_VOICE,1,WIRED_NODE_2,WIRED_NODE_5,476,0.064000,
9520.000000,App1_VOICE,1,WIRED_NODE_2,WIRED_NODE_5,477,0.064000,
9540.000000,App1_VOICE,1,WIRED_NODE_2,WIRED_NODE_5,478,0.064000,
9560.000000,App1_VOICE,1,WIRED_NODE_2,WIRED_NODE_5,479,0.064000,
9580.000000,App1_VOICE,1,WIRED_NODE_2,WIRED_NODE_5,480,0.064000,
9600.000000,App1_VOICE,1,WIRED_NODE_2,WIRED_NODE_5,481,0.064000,
9620.000000,App1_VOICE,1,WIRED_NODE_2,WIRED_NODE_5,482,0.064000,
9640.000000,App1_VOICE,1,WIRED_NODE_2,WIRED_NODE_5,483,0.064000,
9660.000000,App1_VOICE,1,WIRED_NODE_2,WIRED_NODE_5,484,0.064000,
9680.000000,App1_VOICE,1,WIRED_NODE_2,WIRED_NODE_5,485,0.064000,
9700.000000,App1_VOICE,1,WIRED_NODE_2,WIRED_NODE_5,486,0.064000,
9720.000000,App1_VOICE,1,WIRED_NODE_2,WIRED_NODE_5,487,0.064000,
9740.000000,App1_VOICE,1,WIRED_NODE_2,WIRED_NODE_5,488,0.064000,
9760.000000,App1_VOICE,1,WIRED_NODE_2,WIRED_NODE_5,489,0.064000,
9780.000000,App1_VOICE,1,WIRED_NODE_2,WIRED_NODE_5,490,0.064000,
9800.000000,App1_VOICE,1,WIRED_NODE_2,WIRED_NODE_5,491,0.064000,
9820.000000,App1_VOICE,1,WIRED_NODE_2,WIRED_NODE_5,492,0.064000,
9840.000000,App1_VOICE,1,WIRED_NODE_2,WIRED_NODE_5,493,0.064000,
9860.000000,App1_VOICE,1,WIRED_NODE_2,WIRED_NODE_5,494,0.064000,
9880.000000,App1_VOICE,1,WIRED_NODE_2,WIRED_NODE_5,495,0.064000,
9900.000000,App1_VOICE,1,WIRED_NODE_2,WIRED_NODE_5,496,0.064000,
9920.000000,App1_VOICE,1,WIRED_NODE_2,WIRED_NODE_5,497,0.064000,
9940.000000,App1_VOICE,1,WIRED_NODE_2,WIRED_NODE_5,498,0.064000,
9960.000000,App1_VOICE,1,WIRED_NODE_2,WIRED_NODE_5,499,0.064000,
9980.000000,App1_VOICE,1,WIRED_NODE_2,WIRED_NODE_5,500,0.064000,
